transaction_id,is_fraud,iso_risk_score,iso_prediction,risk_tier
TXN_01995076,1,100.0,1,Block
TXN_01997663,1,99.49103462772663,1,Block
TXN_01995029,1,99.23767320976282,1,Block
TXN_01981683,1,99.11875326374098,1,Block
TXN_01980887,1,98.75011287884692,1,Block
TXN_01973700,1,98.52521541776949,1,Block
TXN_01990978,1,98.34749866254919,1,Block
TXN_01988774,1,98.27252376410719,1,Block
TXN_01970200,1,98.1699407002275,1,Block
TXN_01986171,1,97.93344351642736,1,Block
