transaction_id,is_fraud,iso_risk_score,iso_prediction,risk_tier
TXN_01994864,1,99.24158121700091,1,Block
TXN_01995029,1,98.1383942679889,1,Block
TXN_01973700,1,97.96477707922936,1,Block
TXN_01990098,1,97.90693916312756,1,Block
TXN_01972699,1,97.6843283682121,1,Block
TXN_01995975,1,97.50255594546991,1,Block
TXN_01997436,1,97.3871727206863,1,Block
TXN_01991642,1,97.32950688890568,1,Block
TXN_01988214,1,97.32950688890568,1,Block
TXN_01982993,1,97.21422676096681,1,Block
