transaction_id,is_fraud,iso_risk_score,iso_prediction,risk_tier
TXN_01994864,1,99.88205502287556,1,Block
TXN_01984017,1,98.47218422104638,1,Block
TXN_01995029,1,98.00446338511989,1,Block
TXN_01973877,1,97.94607663605639,1,Block
TXN_01972699,1,97.88770728202108,1,Block
TXN_01998317,1,97.7127035382671,1,Block
TXN_01983231,1,97.42137804918083,1,Block
TXN_01987551,1,97.36316501737335,1,Block
TXN_01974739,1,97.30496932883884,1,Block
TXN_01973150,1,97.13048627121049,1,Block
