transaction_id,is_fraud,lgb_risk_score,lgb_prediction,risk_tier
TXN_01999473,1,99.9999995278025,1,Block
TXN_01997116,1,99.9999995278025,1,Block
TXN_01994194,1,99.9999995278025,1,Block
TXN_01993122,1,99.9999995278025,1,Block
TXN_01973621,1,99.9999995278025,1,Block
TXN_01977831,1,99.9999995278025,1,Block
TXN_01986090,1,99.9999995278025,1,Block
TXN_01990946,1,99.9999995278025,1,Block
TXN_01988164,1,99.9999995278025,1,Block
TXN_01982665,1,99.9999995278025,1,Block
