{
  "optimal_threshold": 67.31194501546582,
  "flag_threshold": 83.65597250773291,
  "val_precision": 0.9433646812957158,
  "val_recall": 0.9404166666666667,
  "val_f1": 0.9418883671904801
}